{
    "emp_thres_1%": 2.774268222808838,
    "emp_thres_0.1%": 3.9241958389282225,
    "cnt_fpr": 10000,
    "new_tokens": 50
}