{
    "emp_thres_1%": 2.31258709526062,
    "emp_thres_0.1%": 3.0314574966430663,
    "cnt_fpr": 10000,
    "new_tokens": 100
}