{
    "emp_thres_1%": 2.380061222076416,
    "emp_thres_0.1%": 3.3084753284454345,
    "cnt_fpr": 10000,
    "new_tokens": 100
}