{
    "emp_thres_1%": 2.702329231262207,
    "emp_thres_0.1%": 3.7315972576141356,
    "cnt_fpr": 10000,
    "new_tokens": 100
}