{
    "emp_thres_1%": 0.5350218416260315,
    "emp_thres_0.1%": 0.5458041430519653,
    "cnt_fpr": 10000,
    "new_tokens": 50
}