{
    "emp_thres_1%": 2.802241636276245,
    "emp_thres_0.1%": 3.8369179496765136,
    "cnt_fpr": 10000,
    "new_tokens": 100
}