{
    "emp_thres_1%": 2.7976396808624266,
    "emp_thres_0.1%": 3.7462149391174315,
    "cnt_fpr": 10000,
    "new_tokens": 100
}