{
    "emp_thres_1%": 2.2640095481872557,
    "emp_thres_0.1%": 3.003221345901489,
    "cnt_fpr": 10000,
    "new_tokens": 100
}