{
    "emp_thres_1%": 2.844937635421753,
    "emp_thres_0.1%": 3.7830632457733153,
    "cnt_fpr": 10000,
    "new_tokens": 100
}