{
    "emp_thres_1%": 0.5257886053131653,
    "emp_thres_0.1%": 0.5349797607468201,
    "cnt_fpr": 10000,
    "new_tokens": 100
}