{
    "emp_thres_1%": 2.766517711639404,
    "emp_thres_0.1%": 3.7469707260131835,
    "cnt_fpr": 10000,
    "new_tokens": 50
}