{
    "emp_thres_1%": 2.405163122177124,
    "emp_thres_0.1%": 3.127943826675415,
    "cnt_fpr": 10000,
    "new_tokens": 200
}