{
    "emp_thres_1%": 2.875638795852661,
    "emp_thres_0.1%": 3.707308126449585,
    "cnt_fpr": 10000,
    "new_tokens": 200
}