{
    "emp_thres_1%": 2.874460531234741,
    "emp_thres_0.1%": 3.9016712436676024,
    "cnt_fpr": 10000,
    "new_tokens": 100
}