{
    "emp_thres_1%": 0.5698052049683167,
    "emp_thres_0.1%": 0.59402334700094,
    "cnt_fpr": 10000,
    "new_tokens": 50
}