{
    "emp_thres_1%": 0.6567718387650086,
    "emp_thres_0.1%": 0.7050092817352844,
    "cnt_fpr": 10000,
    "new_tokens": 50
}