{
    "emp_thres_1%": 0.5491817594574524,
    "emp_thres_0.1%": 0.5646103621529175,
    "cnt_fpr": 10000,
    "new_tokens": 50
}