{
    "emp_thres_1%": 0.5358586312340332,
    "emp_thres_0.1%": 0.5493571759270264,
    "cnt_fpr": 10000,
    "new_tokens": 100
}