{
    "emp_thres_1%": 2.7097764739990233,
    "emp_thres_0.1%": 3.538984848022461,
    "cnt_fpr": 10000,
    "new_tokens": 200
}