{
    "emp_thres_1%": 2.31258971786499,
    "emp_thres_0.1%": 2.667668891906738,
    "cnt_fpr": 10000,
    "new_tokens": 100
}