{
    "emp_thres_1%": 2.8012872467041015,
    "emp_thres_0.1%": 3.8955372104644774,
    "cnt_fpr": 10000,
    "new_tokens": 100
}