{
    "emp_thres_1%": 2.905762029647827,
    "emp_thres_0.1%": 3.85814316368103,
    "cnt_fpr": 10000,
    "new_tokens": 50
}