{
    "emp_thres_1%": 2.714602066040039,
    "emp_thres_0.1%": 3.719639850616455,
    "cnt_fpr": 10000,
    "new_tokens": 100
}