{
    "emp_thres_1%": 0.558493971924646,
    "emp_thres_0.1%": 0.5769206882523132,
    "cnt_fpr": 10000,
    "new_tokens": 100
}