{
    "emp_thres_1%": 2.7203167209625243,
    "emp_thres_0.1%": 3.593731714248657,
    "cnt_fpr": 10000,
    "new_tokens": 100
}