{
    "emp_thres_1%": 2.8970750102996825,
    "emp_thres_0.1%": 3.8307302722930907,
    "cnt_fpr": 10000,
    "new_tokens": 200
}