{
    "emp_thres_1%": 0.5509313942001892,
    "emp_thres_0.1%": 0.5671979189919067,
    "cnt_fpr": 10000,
    "new_tokens": 100
}