{
    "emp_thres_1%": 2.8903985748291015,
    "emp_thres_0.1%": 3.782510591506958,
    "cnt_fpr": 10000,
    "new_tokens": 200
}