{
    "emp_thres_1%": 0.536595344643457,
    "emp_thres_0.1%": 0.5476408005760742,
    "cnt_fpr": 10000,
    "new_tokens": 200
}