{
    "emp_thres_1%": 2.7842136154174804,
    "emp_thres_0.1%": 3.8794992694854735,
    "cnt_fpr": 10000,
    "new_tokens": 50
}