{
    "emp_thres_1%": 2.7044366130828856,
    "emp_thres_0.1%": 3.7788165340423583,
    "cnt_fpr": 10000,
    "new_tokens": 50
}