{
    "emp_thres_1%": 0.5730027557419373,
    "emp_thres_0.1%": 0.5996326209114624,
    "cnt_fpr": 10000,
    "new_tokens": 100
}