{
    "emp_thres_1%": 2.764470411300659,
    "emp_thres_0.1%": 3.8916357288360595,
    "cnt_fpr": 10000,
    "new_tokens": 100
}