{
    "emp_thres_1%": 2.7425475845336913,
    "emp_thres_0.1%": 3.8411713371276854,
    "cnt_fpr": 10000,
    "new_tokens": 50
}