{
    "emp_thres_1%": 2.8601537475585936,
    "emp_thres_0.1%": 3.805328680038452,
    "cnt_fpr": 10000,
    "new_tokens": 200
}