{
    "emp_thres_1%": 0.6048237682388855,
    "emp_thres_0.1%": 0.6363636256264282,
    "cnt_fpr": 10000,
    "new_tokens": 50
}