{
    "emp_thres_1%": 2.497563673019409,
    "emp_thres_0.1%": 3.3161092529296874,
    "cnt_fpr": 10000,
    "new_tokens": 200
}