{
    "emp_thres_1%": 2.8559022674560546,
    "emp_thres_0.1%": 3.7976537475585936,
    "cnt_fpr": 10000,
    "new_tokens": 200
}