{
    "emp_thres_1%": 2.7476614246368407,
    "emp_thres_0.1%": 3.716625286102295,
    "cnt_fpr": 10000,
    "new_tokens": 50
}