{
    "emp_thres_1%": 2.7765916118621825,
    "emp_thres_0.1%": 3.55243928527832,
    "cnt_fpr": 10000,
    "new_tokens": 200
}