{
    "emp_thres_1%": 0.613406777481897,
    "emp_thres_0.1%": 0.655647337536676,
    "cnt_fpr": 10000,
    "new_tokens": 100
}